{"statistics": {"Area": {"count": 1000.0, "mean": 173.207, "std": 69.62332625319304, "min": 50.0, "25%": 117.0, "50%": 171.5, "75%": 232.0, "max": 300.0}, "Price": {"count": 1000.0, "mean": 519250.6060193719, "std": 209778.31841661222, "min": 129941.47609213361, "25%": 346488.0217558363, "50%": 517534.5079598002, "75%": 694187.9440608773, "max": 908622.7854260304}, "OtherFeature": {"count": 1000.0, "mean": 50.321463138554506, "std": 28.58968870705003, "min": 0.007369943310608917, "25%": 26.68580837036728, "50%": 50.168230082035635, "75%": 74.56908714303428, "max": 99.99640185426024}}, "correlation": {"Area": {"Area": 1.0, "Price": 0.9975230629187942, "OtherFeature": -0.026687772546462225}, "Price": {"Area": 0.9975230629187942, "Price": 1.0, "OtherFeature": -0.023169371378328862}, "OtherFeature": {"Area": -0.026687772546462225, "Price": -0.023169371378328862, "OtherFeature": 1.0}}}