{"model_performance": {"R_squared": 0.9950616138850902, "RMSE": 14252.535987309306}, "key_findings": "\u623f\u5c4b\u9762\u79ef\u4e0e\u623f\u4ef7\u4e4b\u95f4\u5b58\u5728\u6b63\u76f8\u5173\u5173\u7cfb\u3002"}